INSERT INTO conditions (condition_id, condition_name, scale_range_start, scale_range_end, description) VALUES
('NM', 'NEAR MINT', 9.2, 9.8, 'A past issue with only the smallest of imperfections'), 
('M', 'MINT', 9.9, 10, 'Indistinguishable from new'),
('VF', 'VERY FINE', 7.5, 9.0, 'Some aging of the paper, but very few signs of wear'),
('FN', 'FINE', 5.5, 7.0, 'Good quality but has some obvious signs of wear and tear'),
('VG', 'VERY GOOD', 3.5, 5.0, 'Some wear and tear, and some creasing or other defects'),
('GD', 'GOOD', 1.8, 3.0, 'Good condition overall, but some tears, stains, creases'),
('FR', 'FAIR', 1.0, 1.5, 'In one piece, but very obviously soiled, ragged and/or torn'),
('PR', 'POOR', 0, 0.5, 'Badly damaged, mouldy, torn, ripped, battered and decrepit');


INSERT INTO publishers (publisher_id, publisher_name) VALUES
(1, 'DC Comics'),
(2, 'Marvel Comics'),
(3, 'Image Comics'),
(4, 'IDW Publishing'),
(5, 'Boom! Studios'),
(6, 'Valiant Comics'),
(7, 'Top Cow Productions'),
(8, 'Dark Horse Comics'),
(9, 'Dynamite Entertainment'),
(10, 'Archie Comics'),
(11, 'Mirage Studios'),
(12, 'IPC Media');

INSERT INTO graphic_novel_series (series_id, series_name, start_year, end_year) VALUES
(1, 'Watchmen', 1986, NULL),
(2, 'The Detective Comics', 1939, NULL),
(3, 'V for Vendetta', 1988, NULL),
(4, 'Sin City', 1991, 2000),
(5, 'Preacher', 1995, 2000),
(6, 'The Sandman', 1989, 1996),
(7, 'Fables', 2002, 2015),
(8, 'Y: The Last Man', 2002, 2008),
(9, 'Saga', 2012, NULL),
(10, 'The Walking Dead:Compendium',2003, 2019),
(12, 'Civil War',2006, 2007),
(13, 'Secret Wars',1984, 1985),
(14, 'House of M',2005, 2006),
(15, 'Age of Apocalypse',1995, 1996),
(16, 'Teenage Mutant Ninja Turtles',1984, 2010),
(17, 'Mighty Morphin Power Rangers',2016, NULL),
(18, 'Bloodshot', 1992, 1996),
(19, 'Witchblade', 1995, 2015),
(20, 'Hellboy', 1993, 2016),
(21, 'Red Sonja', 1977, NULL),
(22, 'Archie Series', 1941, NULL),
(23, 'X-Men', 1963, NULL),
(24, 'Spawn', 1992, NULL),
(25, 'Locke & Key', 2008, 2018),
(26, 'Sonic the Hedgehog', 1993, NULL),
(27, 'Judge Dredd', 1977, NULL),
(28, 'Conan the Barbarian', 1970, 1993),
(29, 'G.I. Joe: A Real American Hero : Original', 1982, 1994),
(30, 'G.I. Joe: A Real American Hero: Revive', 2008, NULL),
(31, 'Daredevil by Frank Miller', 1979, 1983);

INSERT INTO writers (writer_id, writer_name) VALUES
(1, 'Larry Hama'),
(2, 'Robert E. Howard'),
(3, 'John Wagner'),
(4, 'Brian K. Vaughan'),
(5, 'Ken Penders'),
(6, 'Joe Hill'),
(7, 'Todd McFarlane'),
(8, 'Stan Lee'),
(9, 'Vic Bloom'),
(10, 'Roy Thomas'),
(11, 'Mike Mignola'),
(12, 'David Wohl'),
(13, 'Bill Finger'),
(14, 'Jerry Siegel'),
(15, 'Alan Moore'),
(16, 'Grant Morrison'),
(17, 'Frank Miller'),
(18, 'Brian Michael Bendis'),
(20, 'Robert Kirkman'),
(21, 'Kevin Eastman'),
(22, 'Kyle Higgins'),
(23, 'Kevin VanHook'),
(25, 'Michael Avon Oeming'),
(26, 'Neil Gaiman'),
(27, 'Michael Gallagher');

INSERT INTO comic_info (info_id, writer_id, characters, synopsis) VALUES
(1, 14, 'Superman', 'In this issue, Superman origin story is told, as well as his first encounter with criminals and his introduction to the world as a new hero.'),
(2, 13, 'Batman', 'Features the debut of Batman and introduces his alter ego, millionaire Bruce Wayne.'),
(3, 8, 'Spider-Man or Peter Parker', 'In this first issue, Spider-Man must stop a dangerous villain known as the Chameleon.The comic is considered a classic and has had a significant impact on the superhero genre.'),
(4, 20, 'Rick Grimes', 'Introduction of Sheriff deputy Rick Grimes who is in coma, wakes up and finds himself in an abandoned hospital and discovers that the world he knew before has been overrun by zombies.'),
(5, 21, 'Leonardo, Donatello, Michelangelo and Raphael', 'Introduces readers to four turtles named after Italian Renaissance artists who are transformed into anthropomorphic creatures by a mysterious green substance.'),
(6, 22, 'Power Rangers', 'When an interdimensional threat arrives on Earth, high school students are chosen to become the newest generation of Power Rangers, tasked with defending the planet from evil.'),
(7, 23, 'Angelo Mortalli or Bloodshot', 'Angelo Mortalli, a ruthless mob hitman betrayed by his boss is given a second chance when he is resurrected by a secret organization called Project Rising Spirit.'),
(8, 12, 'Sara Pezzini', 'New York City detective investigating brutal murders comes into contact with an ancient weapon called the Witchblade, which bonds and gives her incredible powers.'),
(9, 11, 'Hellboy', 'Hellboy is sent on a mission to a rural English mansion to investigate a series of murders rumored to be the work of a vampire.'),
(10, 25, 'Red Sonja,Kulan Gath', 'Red Sonja, the She-Devil with a Sword, sets out on a quest to avenge the murder of her family and rid her kingdom from the tyrannical rule of Kulan Gath.'),
(11, 9, 'Archie Andrews,Betty Cooper', 'when Archie clumsiness leads to a fire in the school chemistry lab, he finds himself facing some serious consequences.'),
(12, 8, 'Charles Xavier,Cyclops', 'X-Men face their first villain, Magneto, who seeks to conquer the world for mutants and destroy all humans.'),
(13, 26, 'Dream aka Morpheus the Sandman', 'Sandman who has been imprisoned for seventy years finally escapes and sets out to reclaim his realm and seek revenge against those who imprisoned him.'),
(14, 7, 'Al Simmons or Spawn', 'A former assassin is betrayed, killed, and sent to hell, but makes a deal with a demon to come back to life as a soldier in Malebolgias army of the undead.'),
(15, 6, 'Tyler,Kinsey,Bode Locke', 'After their father is brutally murdered, the Locke siblings move into their ancestral home, where they discover mysterious keys that unlock supernatural abilities and dark secrets.'),
(16, 27, 'Sonic,Dr. Eggman', 'In the first issue of this series, Sonic must save his animal friends from Dr. Eggmans evil plans, leading to an epic battle between the two.'),
(17, 4, 'Alana, Marko', 'A sweeping space opera about a family trying to survive in the midst of an intergalactic war while facing prejudice, personal demons, and dangerous enemies.'),
(18, 3, 'Judge Dredd', 'In the post-apocalyptic Mega-City One, Judge Dredd and his fellow Judges fight to maintain law and order in a world filled with crime, corruption, and chaos.'),
(19, 2, 'Conan', 'Conan travels across the ancient and mythical world, fighting monsters, sorcerers, and rival warriors in his quest for wealth and glory.'),
(20, 1, 'Duke, Scarlett', 'G.I. Joe team as they fight against the terrorist organization Cobra to protect the world from their nefarious schemes.'),
(21, 1, 'Duke Scarlett', 'A revive of the G.I. Joe team as they fight against the terrorist organization Cobra to protect the world from their nefarious schemes.'),
(22, 8, 'Spider-Man or Peter Parker', 'The Amazing Spider-Man follows the adventures of Peter Parker, a high school student who gains spider-like abilities after being bitten by a radioactive spider.'),
(23, 8, 'Mister Fantastic', 'The Fantastic Four gain superhuman powers after exposure to cosmic rays during a scientific mission, and use their abilities to protect the world from various threats.'),
(24, 13, 'Batman or Bruce Wayne', 'In the wake of his parents murder, billionaire Bruce Wayne dedicates himself to protecting Gotham City as Batman.'),
(25, 14, 'Superman', 'The iconic superhero, Superman, protects the citizens of Metropolis from various threats, including the villainous Lex Luthor.'),
(26, 8, ' Iron Man or Tony Stark' ,'Billionaire Tony Stark builds a powerful suit of armor to escape his captors and becomes the hero, Iron Man, using his technology to battle villains and protect the world.'),
(27, 15, 'Rorschach, Nite Owl', 'In an alternate 1985, a group of retired superheroes investigate the murder of one of their own, uncovering a dark conspiracy that threatens to change the course of history.'),
(28, 15, 'Rorschach, Nite Owl', ' The retired superheroes continue to uncover the conspiracy, while facing their own personal demons and struggles.'),
(29, 15, 'Rorschach, Nite Owl', 'The conspiracy is finally revealed and the retired superheroes must confront the ultimate threat to humanity.'),
(30, 15, 'Rorschach, Nite Owl', 'The aftermath of the revelation and the fallout among the retired superheroes is explored.'),
(31, 15, 'Rorschach, Nite Owl', 'An issue focusing on the backstory of one of the characters, Dr. Manhattan.'),
(32, 17, 'Daredevil, Foggy Nelson', 'Daredevil faces off against the deadly assassin Elektra, while struggling with his own inner demons and the consequences of his actions.'),
(33, 17, 'Dwight McCarthy', 'Private eye Dwight McCarthy is drawn into a web of intrigue and danger when his former lover, the manipulative Ava Lord');

INSERT INTO comics (comic_id, title, issue_no, publisher_id, series_id, publication_date, sale_price, condition_id, stock, info_id) VALUES
(1, 'Action Comics', 1, 1, 1, '1938-06-01', 70.00, 'NM', 2 , 1),
(2, 'Detective Comics', 27, 1, 2, '1939-05-01', 50.00, 'VF',11, 2),
(3, 'Amazing Fantasy', 15, 2, NULL, '1962-08-01', 50.00, 'NM', 2, 3),
(4, 'The Walking Dead', 1, 3, 10, '2003-10-01', 20.00, 'VF',16, 4),
(5, 'Teenage Mutant Ninja Turtles', 1, 11, 16, '1984-05-01', 50.00, 'NM', 12, 5),
(6, 'Mighty Morphin Power Rangers', 1, 5, 17, '2016-01-01', 50.00, 'VF', 33, 6),
(7, 'Bloodshot', 1, 6, 18, '1993-02-01', 100.00, 'NM', 0, 7),
(8, 'Witchblade', 1, 7, 19, '1995-11-01', 50.00, 'VF', 42, 8),
(9, 'Hellboy', 1, 8, 20, '1994-03-01', 150.00, 'VF', 9, 9),
(10, 'Red Sonja', 1, 9, 21, '2005-03-01', 100.00, 'NM', 0, 10),
(11, 'Archie', 1, 10, 22, '1942-12-01', 300.00, 'VF', 4, 11),
(12, 'X-Men', 1, 2, 23, '1963-09-01', 200.00, 'NM', 0, 12),
(13, 'The Sandman', 1, 1, 6, '1989-01-01', 100.00, 'NM', 3, 13),
(14, 'Spawn', 1, 3, 24, '1992-05-01', 75.00, 'VF',29, 14),
(15, 'Locke & Key', 1, 4, 25, '2008-02-01', 50.00, 'NM', 56, 15),
(16, 'Sonic the Hedgehog', 1, 10, 26, '1993-06-01', 100.00, 'VF', 17, 16),
(17, 'Saga', 1, 3, 9, '2012-03-01', 150.00, 'NM', 18, 17),
(18, 'Judge Dredd', 1, 12, 27, '1977-02-01', 50.00, 'VF', 9, 18),
(19, 'Conan the Barbarian', 1, 2, 28, '1970-10-01', 100.00, 'NM', 10, 19),
(20, 'G.I. Joe: A Real American Hero', 1, 2, 29, '1982-06-01', 200.00, 'VF', 36, 20),
(21, 'G.I. Joe: A Real American Hero', 29, 4, 30, '2020-09-09', 70.00, 'M', 8, 21),
(22, 'The Amazing Spider-Man', 1, 2, NULL, '1963-03-10', 100.00, 'NM', 3, 22),
(23, 'Fantastic Four', 1, 2, NULL, '1961-11-08', 45, 'PR', 3, 23),
(24, 'Batman', 1, 1, NULL, '1940-04-25', 95, 'GD', 0, 24),
(25, 'Superman', 1, 1, NULL, '1939-06-01', 235, 'FN', 2, 25),
(26, 'Iron Man', 1, 2, NULL, '1968-05-01', 150, 'VG', 4, 26), 
(27, 'Watchmen', 1, 1, 1, '1986-09-01', 150, 'NM', 1, 27),
(28, 'Watchmen', 2, 1, 1, '1986-10-01', 150, 'NM', 1, 28),
(29, 'Watchmen', 3, 1, 1, '1986-11-01', 150, 'NM', 1, 29),
(30, 'Watchmen', 4, 1, 1, '1986-12-01', 100, 'FN', 1, 30),
(31, 'Watchmen', 5, 1, 1, '1987-01-01', 115, 'FR', 3, 31),
(32, 'Daredevil', 158, 2, 31, '1979-05-01', 234, 'NM', 4, 32),
(33, 'A Dame to Kill For', 2, 8, 4, '1993-07-01', 67.00, 'VF', 5, 33);

INSERT INTO users (user_id, first_name, last_name, mobile, email, user_type) VALUES
(1, 'Emily', 'Lee', '+1234567890', 'emilylee@gmail.com', 'power'),
(2, 'Oliver', 'Wong', '+2345678901', 'oliverwong@gmail.com', 'standard'),
(3, 'Avery', 'Nguyen', '+3456789012', 'averynguyen@gmail.com', 'standard'),
(4, 'Mia', 'Garcia', '+4567890123', 'miagarcia@gmail.com', 'power'),
(5, 'Ethan', 'Smith', '+5678901234', 'ethansmith@gmail.com', 'power'),
(6, 'Isabella', 'Kim', '+6789012345', 'isabellakim@gmail.com', 'standard'),
(7, 'Jacob', 'Tran', '+7890123456', 'jacobtran@gmail.com', 'standard'),
(8, 'Sophia', 'Ng', '+8901234567', 'sophiang@gmail.com', 'standard'),
(9, 'William', 'Chen', '+9012345678', 'williamchen@gmail.com', 'standard'),
(10, 'Charlotte', 'Wu', '+0123456789', 'charlottewu@gmail.com', 'standard'),
(11, 'Daniel', 'Liu', '+1112223333', 'danielliu@gmail.com', 'power'),
(12, 'Aria', 'Chang', '+2223334444', 'ariachang@gmail.com', 'standard'),
(13, 'Michael', 'Le', '+3334445555', 'michaelle@gmail.com', 'standard'),
(14, 'Abigail', 'Zhang', '+4445556666', 'abigailzhang@gmail.com', 'standard'),
(15, 'David', 'Gao', '+5556667777', 'davidgao@gmail.com', 'power');

INSERT INTO orders (order_id, user_id, order_date) VALUES
(1, 3, '2022-04-01'),
(2, 1, '2022-04-02'),
(4, 6, '2022-04-04'),
(5, 8, '2022-04-05'),
(6, 10, '2022-04-06'),
(10, 9, '2022-04-10'),
(12, 13, '2022-04-12'),
(13, 15, '2022-04-13'),
(14, 12, '2022-04-14'),
(15, 14, '2022-04-15'),
(16, 3, '2022-04-16'),
(17, 6, '2022-04-17'),
(18, 9, '2022-04-18'),
(19, 12, '2022-04-19'),
(20, 15, '2022-04-20');

INSERT INTO order_details (order_id,comic_id,quantity) VALUES
(1, 1, 1),
(1, 2, 1),
(2, 3, 1),
(2, 4, 1),
(4, 5, 2),
(5, 6, 6),
(6, 8, 3),
(6, 9, 1),
(10, 11, 1),
(12, 2, 2),
(13, 6, 2),
(14, 33, 1),
(15, 27, 1),
(15, 28, 1),
(15, 29, 1),
(15, 30, 1),
(15, 31, 1),
(16, 22, 1),
(17, 14, 1),
(17, 16, 1),
(18, 15, 4),
(19, 32, 1),
(20, 20, 1),
(20, 21, 1);

SELECT * FROM graphic_novel_series;
SELECT * FROM comics;
SELECT * FROM comic_info;
SELECT * FROM users;
SELECT * FROM orders;
SELECT * FROM order_details;
SELECT * FROM publishers ORDER BY publisher_id;
SELECT * FROM writers ORDER BY writer_id;
SELECT * FROM conditions
ORDER BY scale_range_end DESC;


